<?xml version="1.0" encoding="utf-8" standalone="yes"?>
<rss version="2.0" xmlns:atom="http://www.w3.org/2005/Atom">
  <channel>
    <title>Categories on logPhile</title>
    <link>http://localhost:1313/categories/</link>
    <description>Recent content in Categories on logPhile</description>
    <generator>Hugo -- gohugo.io</generator>
    <language>en</language>
    <managingEditor>phil@logphile.com (Phil Boyce)</managingEditor>
    <webMaster>phil@logphile.com (Phil Boyce)</webMaster>
    <copyright>&amp;copy; 2025 logPhile. All Rights Reserved.</copyright>
    <lastBuildDate>Tue, 18 Mar 2025 12:00:00 +0000</lastBuildDate><atom:link href="http://localhost:1313/categories/index.xml" rel="self" type="application/rss+xml" />
    
    <item>
      <title>Cloud</title>
      <link>http://localhost:1313/categories/cloud/</link>
      <pubDate>Tue, 18 Mar 2025 12:00:00 +0000</pubDate>
      <author>phil@logphile.com (Phil Boyce)</author>
      <guid>http://localhost:1313/categories/cloud/</guid>
      <description></description>
      
    </item>
    
  </channel>
</rss>
