<?xml version="1.0" encoding="utf-8" standalone="yes"?>
<rss version="2.0" xmlns:atom="http://www.w3.org/2005/Atom">
  <channel>
    <title>Cloud on logPhile</title>
    <link>http://localhost:1313/categories/cloud/</link>
    <description>Recent content in Cloud on logPhile</description>
    <generator>Hugo -- gohugo.io</generator>
    <language>en</language>
    <managingEditor>phil@logphile.com (Phil Boyce)</managingEditor>
    <webMaster>phil@logphile.com (Phil Boyce)</webMaster>
    <copyright>&amp;copy; 2025 logPhile. All Rights Reserved.</copyright>
    <lastBuildDate>Tue, 18 Mar 2025 12:00:00 +0000</lastBuildDate><atom:link href="http://localhost:1313/categories/cloud/index.xml" rel="self" type="application/rss+xml" />
    
    <item>
      <title>Tha Future of Cloud Computing</title>
      <link>http://localhost:1313/blog/fifthpost/</link>
      <pubDate>Tue, 18 Mar 2025 12:00:00 +0000</pubDate>
      <author>phil@logphile.com (Phil Boyce)</author>
      <guid>http://localhost:1313/blog/fifthpost/</guid>
      <description>A glimpse into how cloud computing is evolving and what to expect in the near future.</description>
      <media:content xmlns:media="http://search.yahoo.com/mrss/" url="http://localhost:1313/blog/fifthpost/feature.png" />
    </item>
    
    <item>
      <title>Tha Future of Cloud Computing</title>
      <link>http://localhost:1313/blog/firstpost/</link>
      <pubDate>Tue, 18 Mar 2025 12:00:00 +0000</pubDate>
      <author>phil@logphile.com (Phil Boyce)</author>
      <guid>http://localhost:1313/blog/firstpost/</guid>
      <description>A glimpse into how cloud computing is evolving and what to expect in the near future.</description>
      <media:content xmlns:media="http://search.yahoo.com/mrss/" url="http://localhost:1313/blog/firstpost/feature.png" />
    </item>
    
    <item>
      <title>Tha Future of Cloud Computing</title>
      <link>http://localhost:1313/blog/fourthpost/</link>
      <pubDate>Tue, 18 Mar 2025 12:00:00 +0000</pubDate>
      <author>phil@logphile.com (Phil Boyce)</author>
      <guid>http://localhost:1313/blog/fourthpost/</guid>
      <description>A glimpse into how cloud computing is evolving and what to expect in the near future.</description>
      
    </item>
    
    <item>
      <title>Tha Future of Cloud Computing</title>
      <link>http://localhost:1313/blog/secondpost/</link>
      <pubDate>Tue, 18 Mar 2025 12:00:00 +0000</pubDate>
      <author>phil@logphile.com (Phil Boyce)</author>
      <guid>http://localhost:1313/blog/secondpost/</guid>
      <description>A glimpse into how cloud computing is evolving and what to expect in the near future.</description>
      
    </item>
    
    <item>
      <title>Tha Future of Cloud Computing</title>
      <link>http://localhost:1313/blog/sixthpost/</link>
      <pubDate>Tue, 18 Mar 2025 12:00:00 +0000</pubDate>
      <author>phil@logphile.com (Phil Boyce)</author>
      <guid>http://localhost:1313/blog/sixthpost/</guid>
      <description>A glimpse into how cloud computing is evolving and what to expect in the near future.</description>
      
    </item>
    
    <item>
      <title>Tha Future of Cloud Computing</title>
      <link>http://localhost:1313/blog/thirdpost/</link>
      <pubDate>Tue, 18 Mar 2025 12:00:00 +0000</pubDate>
      <author>phil@logphile.com (Phil Boyce)</author>
      <guid>http://localhost:1313/blog/thirdpost/</guid>
      <description>A glimpse into how cloud computing is evolving and what to expect in the near future.</description>
      
    </item>
    
  </channel>
</rss>
