
[{"content":"\rRecent Posts\r","date":"March 18, 2025","externalUrl":null,"permalink":"/blog/","section":"","summary":"\u003csection class=\"mt-0 flex flex-col max-w-full dark:prose-invert\"\u003e\r\n  \u003ch1 class=\"mt-1 mb-2 text-4xl font-extrabold text-neutral-900 dark:text-neutral\"\u003eRecent Posts\u003c/h1\u003e\r\n  \u003chr class=\"mt-0 mb-6 border-t border-secondary-500 w-full\"\u003e\r\n\u003c/section\u003e","title":"","type":"blog"},{"content":"","date":"March 18, 2025","externalUrl":null,"permalink":"/categories/","section":"Categories","summary":"","title":"Categories","type":"categories"},{"content":"","date":"March 18, 2025","externalUrl":null,"permalink":"/categories/cloud/","section":"Categories","summary":"","title":"Cloud","type":"categories"},{"content":"","date":"March 18, 2025","externalUrl":null,"permalink":"/tags/cloud-computing/","section":"Tags","summary":"","title":"Cloud Computing","type":"tags"},{"content":"","date":"March 18, 2025","externalUrl":null,"permalink":"/tags/future-trends/","section":"Tags","summary":"","title":"Future Trends","type":"tags"},{"content":"","date":"March 18, 2025","externalUrl":null,"permalink":"/","section":"logPhile","summary":"","title":"logPhile","type":"page"},{"content":"","date":"March 18, 2025","externalUrl":null,"permalink":"/tags/","section":"Tags","summary":"","title":"Tags","type":"tags"},{"content":"","date":"March 18, 2025","externalUrl":null,"permalink":"/tags/technology/","section":"Tags","summary":"","title":"Technology","type":"tags"},{"content":"\rHey, I’m Phil Boyce, and logPhile is my space to learn out loud.\rI got into computers the old-school way—through MUDs, BBSes, curiosity, and a dial-up connection. This became my one and only ask. While my friends were saving up for SNES cartridges, I was saving lawn-mowing money for a 28.8k modem. And I never really stopped.\nI’ve spent two decades as a sysadmin—one of those “jack of all trades” types. I’ve worked across stacks, made broken things work again, and kept things running quietly behind the scenes. Then I hit pause to focus on something even more important\u0026ndash;my daughter. That came with its own version of uptime monitoring, triage, and soft skills.\nNow that she’s older, I’m ready to step back into the field—-with fresh perspective, sharpened skills, and the same curiosity that got me into tech in the first place.\nlogPhile is where I document what I’m learning, building and exploring. Sometimes it’s cloud infrastructure. Sometimes it’s a weird little side project. Mostly it’s a way to stay honest, stay sharp, and keep moving forward.\nThanks for stopping by.\n","date":"March 18, 2025","externalUrl":null,"permalink":"/blog/fifthpost/","section":"","summary":"A glimpse into how cloud computing is evolving and what to expect in the near future.","title":"Tha Future of Cloud Computing","type":"blog"},{"content":"\rThe Future of Cloud Computing: What Lies Ahead? #\rCloud computing has revolutionized the way businesses operate. But where is it headed? In this post, we\u0026rsquo;ll explore some key trends shaping the future of the cloud.\n\u0026ldquo;The best way to predict the future is to create it.\u0026rdquo; – Peter Drucker\n1. Edge Computing and Decentralization #\rWith the rise of IoT, processing data closer to the source is becoming more critical. Edge computing allows for reduced latency and improved performance.\n2. AI and Automation in the Cloud #\rArtificial Intelligence (AI) and Machine Learning (ML) are integrating deeply with cloud services, enabling automation, predictive analytics, and smarter applications.\n3. Serverless Computing #\rServerless is eliminating infrastructure management, making it easier for developers to deploy applications without worrying about server maintenance.\n4. Security and Compliance Enhancements #\rAs cloud adoption grows, so does the need for better security. Expect advancements in encryption, zero-trust architectures, and stricter compliance regulations.\nFinal Thoughts #\rCloud computing is an ever-evolving landscape. Staying ahead of these trends will be key for businesses and developers alike.\n🚀 Want to stay updated on cloud trends? Subscribe to our newsletter!\nDo you see any trend that excites you the most? Let me know in the comments below! 👇\n","date":"March 18, 2025","externalUrl":null,"permalink":"/blog/firstpost/","section":"","summary":"A glimpse into how cloud computing is evolving and what to expect in the near future.","title":"Tha Future of Cloud Computing","type":"blog"},{"content":"","date":"March 18, 2025","externalUrl":null,"permalink":"/blog/fourthpost/","section":"","summary":"A glimpse into how cloud computing is evolving and what to expect in the near future.","title":"Tha Future of Cloud Computing","type":"blog"},{"content":"","date":"March 18, 2025","externalUrl":null,"permalink":"/blog/secondpost/","section":"","summary":"A glimpse into how cloud computing is evolving and what to expect in the near future.","title":"Tha Future of Cloud Computing","type":"blog"},{"content":"","date":"March 18, 2025","externalUrl":null,"permalink":"/blog/sixthpost/","section":"","summary":"A glimpse into how cloud computing is evolving and what to expect in the near future.","title":"Tha Future of Cloud Computing","type":"blog"},{"content":"","date":"March 18, 2025","externalUrl":null,"permalink":"/blog/thirdpost/","section":"","summary":"A glimpse into how cloud computing is evolving and what to expect in the near future.","title":"Tha Future of Cloud Computing","type":"blog"},{"content":"About Me\rHey, I’m Phil Boyce, and logPhile is my space to learn out loud.\rI got into computers the old-school way—through MUDs, BBSes, curiosity, and a dial-up connection. This became my one and only ask. While my friends were saving up for SNES cartridges, I was saving lawn-mowing money for a 28.8k modem. And I never really stopped.\nI’ve spent two decades as a sysadmin—one of those “jack of all trades” types. I’ve worked across stacks, made broken things work again, and kept things running quietly behind the scenes. Then I hit pause to focus on something even more important\u0026ndash;my daughter. That came with its own version of uptime monitoring, triage, and soft skills.\nNow that she’s older, I’m ready to step back into the field—-with fresh perspective, sharpened skills, and the same curiosity that got me into tech in the first place.\nlogPhile is where I document what I’m learning, building and exploring. Sometimes it’s cloud infrastructure. Sometimes it’s a weird little side project. Mostly it’s a way to stay honest, stay sharp, and keep moving forward.\nThanks for stopping by.\n","externalUrl":null,"permalink":"/about/","section":"","summary":"\u003ch1 class=\"mt-12 mb-2 text-4xl font-extrabold text-neutral-900 dark:text-neutral\"\u003eAbout Me\u003c/h1\u003e\r\n\u003chr class=\"mt-2 mb-6 border-neutral-700 dark:border-neutral-600\"\u003e\r\n\u003cspan style=\"color: white;\"\u003e\r\n  Hey, I’m \u003cstrong\u003ePhil Boyce\u003c/strong\u003e, and \u003ca href=\"https://www.logphile.com\" style=\"color:white; font-weight: bold;\"\u003elogPhile\u003c/a\u003e is my space to learn out loud.\r\n\u003c/span\u003e\r\n\u003cp\u003eI got into computers the old-school way—through \u003ca href=\"https://en.wikipedia.org/wiki/Multi-user_dungeon\" target=\"_blank\"\u003eMUDs\u003c/a\u003e, BBSes, curiosity, and a dial-up connection. This became my one and only ask. While my friends were saving up for SNES cartridges, I was saving lawn-mowing money for a 28.8k modem. And I never really stopped.\u003c/p\u003e\n\u003cp\u003eI’ve spent two decades as a sysadmin—one of those “jack of all trades” types. I’ve worked across stacks, made broken things work again, and kept things running quietly behind the scenes. Then I hit pause to focus on something even more important\u0026ndash;my daughter. That came with its own version of uptime monitoring, triage, and soft skills.\u003c/p\u003e","title":"","type":"about"},{"content":"Privacy Notice\r1. Introduction #\rWelcome to [logPhile] (\u0026ldquo;we,\u0026rdquo; \u0026ldquo;our,\u0026rdquo; or \u0026ldquo;us\u0026rdquo;). Your privacy is important to us. This Privacy Notice explains how we collect, use, disclose, and protect your personal information when you use our website, [logphile.com].\nBy continuing to use our site, you consent to the terms of this Privacy Notice.\n2. Information We Collect #\rWe collect different types of information to enhance your experience, including:\nPersonal Information (such as name, email address) when voluntarily provided by you. Usage Data (such as IP address, browser type, and pages visited) collected through cookies and analytics tools. Cookies and Tracking Technologies to improve site functionality and user experience. For more details on cookies, see Our Cookie Policy.\n3. How We Use Your Information #\rWe use the collected information for purposes including:\nProviding and improving our website. Enhancing user experience and personalization. Analyzing site traffic and engagement. Ensuring compliance with legal obligations. 4. How We Share Your Information #\rWe do not sell your personal data. However, we may share your data with:\nService Providers (e.g., hosting and analytics providers). Legal Authorities when required to comply with laws or protect rights. Third-Party Tools (e.g., Google Analytics) for website insights. 5. Your Rights \u0026amp; Choices #\rDepending on your location, you may have the right to:\nAccess, correct, or delete your data. Opt out of certain data processing. Request data portability. Withdraw consent for cookies or marketing communications. To make a request, please contact us.\n6. Data Retention \u0026amp; Security #\rWe retain your data only as long as necessary and implement safeguards to protect it from unauthorized access.\n7. Changes to This Notice #\rWe may update this Privacy Notice. Any changes will be posted with an updated “Last Updated” date.\n8. Contact Us #\rFor questions about this Privacy Notice, contact:\n📩 Email: phil@logphile.com 🌍 Website: logphile.com\r","externalUrl":null,"permalink":"/privacy/","section":"logPhile","summary":"\u003ch1 class=\"mt-2 mb-2 text-4xl font-extrabold text-neutral-900 dark:text-neutral\"\u003ePrivacy Notice\u003c/h1\u003e\r\n\u003chr class=\"mt-2 mb-6 border-neutral-700 dark:border-neutral-600\"\u003e\r\n\r\n\r\n\u003ch2 class=\"relative group\"\u003e1. Introduction \r\n    \u003cdiv id=\"1-introduction\" class=\"anchor\"\u003e\u003c/div\u003e\r\n    \r\n    \u003cspan\r\n        class=\"absolute top-0 w-6 transition-opacity opacity-0 ltr:-left-6 rtl:-right-6 not-prose group-hover:opacity-100\"\u003e\r\n        \u003ca class=\"group-hover:text-primary-300 dark:group-hover:text-neutral-700\"\r\n            style=\"text-decoration-line: none !important;\" href=\"#1-introduction\" aria-label=\"Anchor\"\u003e#\u003c/a\u003e\r\n    \u003c/span\u003e        \r\n    \r\n\u003c/h2\u003e\r\n\u003cp\u003eWelcome to \u003cstrong\u003e[logPhile]\u003c/strong\u003e (\u0026ldquo;we,\u0026rdquo; \u0026ldquo;our,\u0026rdquo; or \u0026ldquo;us\u0026rdquo;). Your privacy is important to us. This Privacy Notice explains how we collect, use, disclose, and protect your personal information when you use our website, [logphile.com].\u003c/p\u003e\n\u003cp\u003eBy continuing to use our site, you consent to the terms of this Privacy Notice.\u003c/p\u003e\n\r\n\r\n\u003ch2 class=\"relative group\"\u003e2. Information We Collect \r\n    \u003cdiv id=\"2-information-we-collect\" class=\"anchor\"\u003e\u003c/div\u003e\r\n    \r\n    \u003cspan\r\n        class=\"absolute top-0 w-6 transition-opacity opacity-0 ltr:-left-6 rtl:-right-6 not-prose group-hover:opacity-100\"\u003e\r\n        \u003ca class=\"group-hover:text-primary-300 dark:group-hover:text-neutral-700\"\r\n            style=\"text-decoration-line: none !important;\" href=\"#2-information-we-collect\" aria-label=\"Anchor\"\u003e#\u003c/a\u003e\r\n    \u003c/span\u003e        \r\n    \r\n\u003c/h2\u003e\r\n\u003cp\u003eWe collect different types of information to enhance your experience, including:\u003c/p\u003e","title":"","type":"page"},{"content":"","externalUrl":null,"permalink":"/authors/","section":"Authors","summary":"","title":"Authors","type":"authors"},{"content":"","externalUrl":null,"permalink":"/series/","section":"Series","summary":"","title":"Series","type":"series"}]