<?xml version="1.0" encoding="utf-8" standalone="yes"?>
<rss version="2.0" xmlns:atom="http://www.w3.org/2005/Atom">
  <channel>
    <title>logPhile</title>
    <link>http://localhost:1313/</link>
    <description>Recent content on logPhile</description>
    <generator>Hugo -- gohugo.io</generator>
    <language>en</language>
    <managingEditor>phil@logphile.com (Phil Boyce)</managingEditor>
    <webMaster>phil@logphile.com (Phil Boyce)</webMaster>
    <copyright>&amp;copy; 2025 logPhile. All Rights Reserved.</copyright>
    <lastBuildDate>Tue, 18 Mar 2025 12:00:00 +0000</lastBuildDate><atom:link href="http://localhost:1313/index.xml" rel="self" type="application/rss+xml" />
    
    <item>
      <title>Tha Future of Cloud Computing</title>
      <link>http://localhost:1313/blog/fifthpost/</link>
      <pubDate>Tue, 18 Mar 2025 12:00:00 +0000</pubDate>
      <author>phil@logphile.com (Phil Boyce)</author>
      <guid>http://localhost:1313/blog/fifthpost/</guid>
      <description>A glimpse into how cloud computing is evolving and what to expect in the near future.</description>
      <media:content xmlns:media="http://search.yahoo.com/mrss/" url="http://localhost:1313/blog/fifthpost/feature.png" />
    </item>
    
    <item>
      <title>Tha Future of Cloud Computing</title>
      <link>http://localhost:1313/blog/firstpost/</link>
      <pubDate>Tue, 18 Mar 2025 12:00:00 +0000</pubDate>
      <author>phil@logphile.com (Phil Boyce)</author>
      <guid>http://localhost:1313/blog/firstpost/</guid>
      <description>A glimpse into how cloud computing is evolving and what to expect in the near future.</description>
      <media:content xmlns:media="http://search.yahoo.com/mrss/" url="http://localhost:1313/blog/firstpost/feature.png" />
    </item>
    
    <item>
      <title></title>
      <link>http://localhost:1313/privacy/</link>
      <pubDate>Mon, 01 Jan 0001 00:00:00 +0000</pubDate>
      <author>phil@logphile.com (Phil Boyce)</author>
      <guid>http://localhost:1313/privacy/</guid>
      <description>&lt;h1 class=&#34;mt-2 mb-2 text-4xl font-extrabold text-neutral-900 dark:text-neutral&#34;&gt;Privacy Notice&lt;/h1&gt;
&lt;hr class=&#34;mt-2 mb-6 border-neutral-700 dark:border-neutral-600&#34;&gt;


&lt;h2 class=&#34;relative group&#34;&gt;1. Introduction 
    &lt;div id=&#34;1-introduction&#34; class=&#34;anchor&#34;&gt;&lt;/div&gt;
    
    &lt;span
        class=&#34;absolute top-0 w-6 transition-opacity opacity-0 ltr:-left-6 rtl:-right-6 not-prose group-hover:opacity-100&#34;&gt;
        &lt;a class=&#34;group-hover:text-primary-300 dark:group-hover:text-neutral-700&#34;
            style=&#34;text-decoration-line: none !important;&#34; href=&#34;#1-introduction&#34; aria-label=&#34;Anchor&#34;&gt;#&lt;/a&gt;
    &lt;/span&gt;        
    
&lt;/h2&gt;
&lt;p&gt;Welcome to &lt;strong&gt;[logPhile]&lt;/strong&gt; (&amp;ldquo;we,&amp;rdquo; &amp;ldquo;our,&amp;rdquo; or &amp;ldquo;us&amp;rdquo;). Your privacy is important to us. This Privacy Notice explains how we collect, use, disclose, and protect your personal information when you use our website, [logphile.com].&lt;/p&gt;
&lt;p&gt;By continuing to use our site, you consent to the terms of this Privacy Notice.&lt;/p&gt;


&lt;h2 class=&#34;relative group&#34;&gt;2. Information We Collect 
    &lt;div id=&#34;2-information-we-collect&#34; class=&#34;anchor&#34;&gt;&lt;/div&gt;
    
    &lt;span
        class=&#34;absolute top-0 w-6 transition-opacity opacity-0 ltr:-left-6 rtl:-right-6 not-prose group-hover:opacity-100&#34;&gt;
        &lt;a class=&#34;group-hover:text-primary-300 dark:group-hover:text-neutral-700&#34;
            style=&#34;text-decoration-line: none !important;&#34; href=&#34;#2-information-we-collect&#34; aria-label=&#34;Anchor&#34;&gt;#&lt;/a&gt;
    &lt;/span&gt;        
    
&lt;/h2&gt;
&lt;p&gt;We collect different types of information to enhance your experience, including:&lt;/p&gt;</description>
      
    </item>
    
  </channel>
</rss>
