{
  "email": {
    "icon": "email",
    "title": "sharing.email",
    "url": "mailto:?body=%s&subject=%s"
  },
  "facebook": {
    "icon": "facebook",
    "title": "sharing.facebook",
    "url": "https://www.facebook.com/sharer/sharer.php?u=%s&quote=%s"
  },
  "linkedin": {
    "icon": "linkedin",
    "title": "sharing.linkedin",
    "url": "https://www.linkedin.com/shareArticle?mini=true&url=%s&title=%s"
  },
  "pinterest": {
    "icon": "pinterest",
    "title": "sharing.pinterest",
    "url": "https://pinterest.com/pin/create/bookmarklet/?url=%s&description=%s"
  },
  "reddit": {
    "icon": "reddit",
    "title": "sharing.reddit",
    "url": "https://reddit.com/submit/?url=%s&resubmit=true&title=%s"
  },
  "twitter": {
    "icon": "x-twitter",
    "title": "sharing.twitter",
    "url": "https://twitter.com/intent/tweet/?url=%s&text=%s"
  },
  "whatsapp": {
    "icon": "whatsapp",
    "title": "sharing.whatsapp",
    "url": "https://api.whatsapp.com/send?text=%s&resubmit=true&title=%s"
  },
  "telegram": {
    "icon": "telegram",
    "title": "sharing.telegram",
    "url": "https://t.me/share/url?url=%s&resubmit=true&title=%s"
  },
  "bluesky": {
    "icon": "bluesky",
    "title": "sharing.bluesky",
    "url": "https://bsky.app/intent/compose?text=%[2]s+%[1]s"
  },
  "mastodon": {
    "icon": "mastodon",
    "title": "sharing.mastodon",
    "url": "https://s2f.kytta.dev/?text=%[2]s %[1]s"
  }  
}
